GOLEN,ROADSECT_ID,PERIOD,GOCOUNT,TIME,GOTIME,TYPE,ROADSECT_NAME,SECT10,SECT10_NAME,ROADSECT_FROM,ROAD_NO,ROADSECT_TO,ROADLENGTH,DIRNAME,JAM_SPEED,avg_len,avg_time,v1,v2,is_congested
3655.6798,144305,1,34,2018/4/6 0:00,336.038,3,月亮湾大道,3,南山区,桂庙路,1443,学府路,653,南-北,20,107.51999411764706,9.883470588235294,10.878769067784,39.163568644022405,0
3975.4687,144305,2,50,2018/4/6 0:00,482.357,3,月亮湾大道,3,南山区,桂庙路,1443,学府路,653,南-北,20,79.509374,9.64714,8.241756002297054,29.670321608269393,0
2441.7188,144305,3,29,2018/4/6 0:00,346.6293,3,月亮湾大道,3,南山区,桂庙路,1443,学府路,653,南-北,20,84.19720000000001,11.95273448275862,7.044178896590681,25.359044027726455,0
2544.1753,144305,4,27,2018/4/6 0:00,304.9747,3,月亮湾大道,3,南山区,桂庙路,1443,学府路,653,南-北,20,94.22871481481481,11.295359259259259,8.342250357160774,30.032101285778786,0
2492.5631,144305,5,27,2018/4/6 0:00,278.8643,3,月亮湾大道,3,南山区,桂庙路,1443,学府路,653,南-北,20,92.31715185185185,10.328307407407408,8.938265313989636,32.17775513036269,0
3631.6259,144305,6,43,2018/4/6 0:00,353.9494,3,月亮湾大道,3,南山区,桂庙路,1443,学府路,653,南-北,20,84.45641627906977,8.231381395348837,10.260296810787079,36.937068518833485,0
2128.6798,144305,7,20,2018/4/6 0:00,244.3248,3,月亮湾大道,3,南山区,桂庙路,1443,学府路,653,南-北,20,106.43399,12.21624,8.71249991814175,31.364999705310304,0
935.4031,144305,8,15,2018/4/6 0:00,66.3058,3,月亮湾大道,3,南山区,桂庙路,1443,学府路,653,南-北,20,62.36020666666666,4.420386666666667,14.107409909841971,50.7866756754311,0
2179.7829,144305,9,24,2018/4/6 0:00,160.5029,3,月亮湾大道,3,南山区,桂庙路,1443,学府路,653,南-北,20,90.82428750000001,6.687620833333334,13.580956481160154,48.89144333217656,0
3272.8378,144305,10,29,2018/4/6 0:00,291.0919,3,月亮湾大道,3,南山区,桂庙路,1443,学府路,653,南-北,20,112.85647586206896,10.037651724137932,11.243314568354528,40.4759324460763,0
2498.1174,144305,11,25,2018/4/6 0:00,254.1852,3,月亮湾大道,3,南山区,桂庙路,1443,学府路,653,南-北,20,99.924696,10.167408,9.827941988754656,35.38059115951676,0
32.6481,144305,12,2,2018/4/6 0:00,21.6344,3,月亮湾大道,3,南山区,桂庙路,1443,学府路,653,南-北,20,16.32405,10.8172,1.5090827570905594,5.432697925526014,1
3920.5737,144305,13,42,2018/4/6 0:00,435.3744,3,月亮湾大道,3,南山区,桂庙路,1443,学府路,653,南-北,20,93.34699285714285,10.366057142857143,9.005062539276539,32.41822514139554,0
2024.1228,144305,14,22,2018/4/6 0:00,171.9434,3,月亮湾大道,3,南山区,桂庙路,1443,学府路,653,南-北,20,92.00558181818182,7.815609090909091,11.772029633007142,42.379306678825714,0
2255.9256,144305,15,21,2018/4/6 0:00,249.6032,3,月亮湾大道,3,南山区,桂庙路,1443,学府路,653,南-北,20,107.42502857142857,11.885866666666667,9.038047589133472,32.5369713208805,0
1306.858,144305,16,14,2018/4/6 0:00,117.2512,3,月亮湾大道,3,南山区,桂庙路,1443,学府路,653,南-北,20,93.347,8.375085714285714,11.14579637564477,40.12486695232117,0
1972.0079,144305,17,24,2018/4/6 0:00,318.3401,3,月亮湾大道,3,南山区,桂庙路,1443,学府路,653,南-北,20,82.16699583333333,13.264170833333333,6.194657537646059,22.300767135525813,0
2029.3608,144305,19,17,2018/4/6 0:00,194.543,3,月亮湾大道,3,南山区,桂庙路,1443,学府路,653,南-北,20,119.37416470588235,11.443705882352942,10.431425443218208,37.55313159558555,0
2076.9733,144305,20,24,2018/4/6 0:00,204.5204,3,月亮湾大道,3,南山区,桂庙路,1443,学府路,653,南-北,20,86.54055416666667,8.521683333333334,10.155335604663398,36.55920817678823,0
2286.3959,144305,21,23,2018/4/6 0:00,189.31,3,月亮湾大道,3,南山区,桂庙路,1443,学府路,653,南-北,20,99.40851739130434,8.230869565217391,12.077523110242458,43.47908319687285,0
1093.814,144305,22,8,2018/4/6 0:00,78.8649,3,月亮湾大道,3,南山区,桂庙路,1443,学府路,653,南-北,20,136.72675,9.8581125,13.869465376866007,49.93007535671762,0
2229.7848,144305,24,25,2018/4/6 0:00,147.8888,3,月亮湾大道,3,南山区,桂庙路,1443,学府路,653,南-北,20,89.191392,5.915552,15.077441969912527,54.2787910916851,0
1884.9801,144305,25,21,2018/4/6 0:00,122.7378,3,月亮湾大道,3,南山区,桂庙路,1443,学府路,653,南-北,20,89.76095714285714,5.844657142857143,15.357779754892135,55.28800711761169,0
706.4076,144305,26,10,2018/4/6 0:00,135.3242,3,月亮湾大道,3,南山区,桂庙路,1443,学府路,653,南-北,20,70.64076,13.532419999999998,5.220112884465602,18.79240638407617,1
1306.858,144305,27,14,2018/4/6 0:00,171.2862,3,月亮湾大道,3,南山区,桂庙路,1443,学府路,653,南-北,20,93.347,12.234728571428573,7.629674778236658,27.46682920165197,0
521.4883,144305,28,5,2018/4/6 0:00,41.7325,3,月亮湾大道,3,南山区,桂庙路,1443,学府路,653,南-北,20,104.29766,8.3465,12.495975558617383,44.98551201102258,0
653.429,144305,29,7,2018/4/6 0:00,59.0456,3,月亮湾大道,3,南山区,桂庙路,1443,学府路,653,南-北,20,93.347,8.435085714285714,11.066514693728237,39.83945289742166,0
653.694,144305,30,7,2018/4/6 0:00,86.367,3,月亮湾大道,3,南山区,桂庙路,1443,学府路,653,南-北,20,93.38485714285714,12.338142857142858,7.568793636458369,27.24765709125013,0
1261.8988,144305,33,13,2018/4/6 0:00,161.5142,3,月亮湾大道,3,南山区,桂庙路,1443,学府路,653,南-北,20,97.06913846153846,12.42416923076923,7.812927903552753,28.12654045278991,0
1937.3532,144305,34,22,2018/4/6 0:00,141.2417,3,月亮湾大道,3,南山区,桂庙路,1443,学府路,653,南-北,20,88.0615090909091,6.420077272727273,13.716580868114729,49.37969112521303,0
631.5714,144305,35,8,2018/4/6 0:00,80.8744,3,月亮湾大道,3,南山区,桂庙路,1443,学府路,653,南-北,20,78.946425,10.1093,7.809286993164711,28.11343317539296,0
1222.7743,144305,36,12,2018/4/6 0:00,137.7782,3,月亮湾大道,3,南山区,桂庙路,1443,学府路,653,南-北,20,101.89785833333333,11.481516666666666,8.874947560644573,31.949811218320463,0
608.5522,144305,37,5,2018/4/6 0:00,42.0948,3,月亮湾大道,3,南山区,桂庙路,1443,学府路,653,南-北,20,121.71043999999999,8.41896,14.456707241749573,52.04414607029847,0
1615.0117,144305,38,15,2018/4/6 0:00,126.0294,3,月亮湾大道,3,南山区,桂庙路,1443,学府路,653,南-北,20,107.66744666666666,8.401959999999999,12.814563109877538,46.13242719555914,0
79.5809,144305,39,3,2018/4/6 0:00,25.0304,3,月亮湾大道,3,南山区,桂庙路,1443,学府路,653,南-北,20,26.526966666666667,8.343466666666666,3.1793698862183586,11.44573159038609,1
569.3454,144305,41,5,2018/4/6 0:00,32.6151,3,月亮湾大道,3,南山区,桂庙路,1443,学府路,653,南-北,20,113.86908000000001,6.52302,17.456497143960927,62.84338971825934,0
743.7223,144305,44,8,2018/4/6 0:00,43.3896,3,月亮湾大道,3,南山区,桂庙路,1443,学府路,653,南-北,20,92.9652875,5.4237,17.140565942069067,61.70603739144864,0
1454.2796,144305,45,14,2018/4/6 0:00,119.3069,3,月亮湾大道,3,南山区,桂庙路,1443,学府路,653,南-北,20,103.87711428571428,8.521921428571428,12.189400613040823,43.88184220694696,0
1057.2893,144305,46,16,2018/4/6 0:00,211.0983,3,月亮湾大道,3,南山区,桂庙路,1443,学府路,653,南-北,20,66.08058125,13.19364375,5.008516411548553,18.03065908157479,1
584.2743,144305,47,5,2018/4/6 0:00,62.3506,3,月亮湾大道,3,南山区,桂庙路,1443,学府路,653,南-北,20,116.85486,12.47012,9.370788733388292,33.73483944019785,0
1508.7508,144305,48,16,2018/4/6 0:00,149.9966,3,月亮湾大道,3,南山区,桂庙路,1443,学府路,653,南-北,20,94.296925,9.3747875,10.058566660844313,36.21083997903953,0
1093.814,144305,49,8,2018/4/6 0:00,145.2419,3,月亮湾大道,3,南山区,桂庙路,1443,学府路,653,南-北,20,136.72675,18.1552375,7.530981073643351,27.111531865116063,0
569.3454,144305,50,5,2018/4/6 0:00,42.3502,3,月亮湾大道,3,南山区,桂庙路,1443,学府路,653,南-北,20,113.86908000000001,8.470040000000001,13.443747609220264,48.39749139319295,0
819.2797,144305,51,12,2018/4/6 0:00,86.0384,3,月亮湾大道,3,南山区,桂庙路,1443,学府路,653,南-北,20,68.27330833333333,7.169866666666667,9.522256341354558,34.28012282887641,0
581.8003,144305,52,8,2018/4/6 0:00,38.2944,3,月亮湾大道,3,南山区,桂庙路,1443,学府路,653,南-北,20,72.7250375,4.7868,15.192829761009442,54.69418713963399,0
2522.7051,144305,53,29,2018/4/6 0:00,441.1581,3,月亮湾大道,3,南山区,桂庙路,1443,学府路,653,南-北,20,86.98983103448276,15.212348275862068,5.71836967291318,20.58613082248745,0
1188.4236,144305,54,12,2018/4/6 0:00,196.2913,3,月亮湾大道,3,南山区,桂庙路,1443,学府路,653,南-北,20,99.0353,16.357608333333335,6.054387535260095,21.795795126936344,0
850.5512,144305,55,9,2018/4/6 0:00,81.2135,3,月亮湾大道,3,南山区,桂庙路,1443,学府路,653,南-北,20,94.50568888888888,9.023722222222222,10.473027267634075,37.70289816348267,0
692.0213,144305,56,9,2018/4/6 0:00,87.4076,3,月亮湾大道,3,南山区,桂庙路,1443,学府路,653,南-北,20,76.89125555555556,9.711955555555555,7.917175394359301,28.501831419693485,0
653.429,144305,57,7,2018/4/6 0:00,58.305,3,月亮湾大道,3,南山区,桂庙路,1443,学府路,653,南-北,20,93.347,8.329285714285714,11.207083440528256,40.34550038590172,0
1782.1025,144305,58,17,2018/4/6 0:00,205.3337,3,月亮湾大道,3,南山区,桂庙路,1443,学府路,653,南-北,20,104.82955882352941,12.07845294117647,8.679055118570405,31.244598426853457,0
1252.2034,144305,59,12,2018/4/6 0:00,168.9838,3,月亮湾大道,3,南山区,桂庙路,1443,学府路,653,南-北,20,104.35028333333334,14.081983333333334,7.4101979006271605,26.676712442257777,0
440.4846,144305,60,10,2018/4/6 0:00,41.8861,3,月亮湾大道,3,南山区,桂庙路,1443,学府路,653,南-北,20,44.04846,4.18861,10.51624763346313,37.85849148046727,0
149.8107,144305,61,3,2018/4/6 0:00,60.0792,3,月亮湾大道,3,南山区,桂庙路,1443,学府路,653,南-北,20,49.9369,20.0264,2.493553509367635,8.976792633723486,1
1255.9543,144305,62,14,2018/4/6 0:00,216.6755,3,月亮湾大道,3,南山区,桂庙路,1443,学府路,653,南-北,20,89.71102142857144,15.476821428571428,5.79647583598515,20.86731300954654,0
402.9521,144305,63,5,2018/4/6 0:00,69.6752,3,月亮湾大道,3,南山区,桂庙路,1443,学府路,653,南-北,20,80.59042,13.93504,5.7832930511860745,20.81985498426987,0
1306.8605,144305,64,14,2018/4/6 0:00,187.1542,3,月亮湾大道,3,南山区,桂庙路,1443,学府路,653,南-北,20,93.34717857142857,13.368157142857143,6.98280081344688,25.138082928408767,0
128.1841,144305,65,3,2018/4/6 0:00,26.1374,3,月亮湾大道,3,南山区,桂庙路,1443,学府路,653,南-北,20,42.728033333333336,8.712466666666666,4.904240666630959,17.655266399871454,1
569.3454,144305,66,5,2018/4/6 0:00,33.8777,3,月亮湾大道,3,南山区,桂庙路,1443,学府路,653,南-北,20,113.86908000000001,6.7755399999999995,16.80590476921397,60.501257169170295,0
504.1898,144305,67,5,2018/4/6 0:00,36.9735,3,月亮湾大道,3,南山区,桂庙路,1443,学府路,653,南-北,20,100.83796,7.3947,13.636518046709128,49.09146496815286,0
1876.2032,144305,68,19,2018/4/6 0:00,131.5949,3,月亮湾大道,3,南山区,桂庙路,1443,学府路,653,南-北,20,98.74753684210526,6.926047368421052,14.25741575091436,51.326696703291695,0
509.6121,144305,69,7,2018/4/6 0:00,24.9527,3,月亮湾大道,3,南山区,桂庙路,1443,学府路,653,南-北,20,72.80172857142857,3.5646714285714287,20.423124551651725,73.52324838594622,0
894.3565,144305,70,10,2018/4/6 0:00,92.252,3,月亮湾大道,3,南山区,桂庙路,1443,学府路,653,南-北,20,89.43565,9.2252,9.694711225772883,34.90096041278238,0
634.2307,144305,71,7,2018/4/6 0:00,89.6205,3,月亮湾大道,3,南山区,桂庙路,1443,学府路,653,南-北,20,90.60438571428571,12.802928571428572,7.0768484889059975,25.47665456006159,0
1453.7912,144305,72,19,2018/4/6 0:00,122.0697,3,月亮湾大道,3,南山区,桂庙路,1443,学府路,653,南-北,20,76.51532631578947,6.424721052631579,11.90951726759384,42.874262163337825,0
1752.4815,144305,73,19,2018/4/6 0:00,251.4206,3,月亮湾大道,3,南山区,桂庙路,1443,学府路,653,南-北,20,92.23586842105264,13.232663157894738,6.970317865759608,25.093144316734588,0
893.6923,144305,74,10,2018/4/6 0:00,116.647,3,月亮湾大道,3,南山区,桂庙路,1443,学府路,653,南-北,20,89.36923,11.6647,7.661511226178128,27.58144041424126,0
849.4798,144305,75,8,2018/4/6 0:00,68.8003,3,月亮湾大道,3,南山区,桂庙路,1443,学府路,653,南-北,20,106.184975,8.6000375,12.347036277458093,44.44933059884914,0
1288.4648,144305,76,14,2018/4/6 0:00,218.3902,3,月亮湾大道,3,南山区,桂庙路,1443,学府路,653,南-北,20,92.0332,15.5993,5.899828838473521,21.239383818504677,0
1267.3109,144305,77,14,2018/4/6 0:00,151.7012,3,月亮湾大道,3,南山区,桂庙路,1443,学府路,653,南-北,20,90.52220714285714,10.8358,8.353993903805637,30.074378053700297,0
1560.4175,144305,78,17,2018/4/6 0:00,152.1596,3,月亮湾大道,3,南山区,桂庙路,1443,学府路,653,南-北,20,91.78926470588236,8.950564705882353,10.255136711715856,36.91849216217708,0
678.1929,144305,79,8,2018/4/6 0:00,111.5912,3,月亮湾大道,3,南山区,桂庙路,1443,学府路,653,南-北,20,84.7741125,13.9489,6.077476539368695,21.878915541727302,0
155.4329,144305,80,6,2018/4/6 0:00,34.1521,3,月亮湾大道,3,南山区,桂庙路,1443,学府路,653,南-北,20,25.905483333333333,5.6920166666666665,4.551195973307644,16.38430550390752,1
540.9891,144305,81,4,2018/4/6 0:00,38.5773,3,月亮湾大道,3,南山区,桂庙路,1443,学府路,653,南-北,20,135.247275,9.644325,14.02350864368424,50.48463111726326,0
1143.3928,144305,82,15,2018/4/6 0:00,81.245,3,月亮湾大道,3,南山区,桂庙路,1443,学府路,653,南-北,20,76.22618666666668,5.416333333333333,14.073392824173798,50.664214167025676,0
2180.2631,144305,83,28,2018/4/6 0:00,236.8248,3,月亮湾大道,3,南山区,桂庙路,1443,学府路,653,南-北,20,77.8665392857143,8.458028571428573,9.206227979502147,33.14242072620773,0
389.121,144305,84,5,2018/4/6 0:00,48.9334,3,月亮湾大道,3,南山区,桂庙路,1443,学府路,653,南-北,20,77.82419999999999,9.78668,7.952053198837603,28.62739151581537,0
1302.6248,144305,85,13,2018/4/6 0:00,94.8121,3,月亮湾大道,3,南山区,桂庙路,1443,学府路,653,南-北,20,100.2019076923077,7.293238461538461,13.73901432412108,49.460451566835886,0
1945.0768,144305,86,24,2018/4/6 0:00,152.3305,3,月亮湾大道,3,南山区,桂庙路,1443,学府路,653,南-北,20,81.04486666666666,6.347104166666667,12.768794167944042,45.96765900459855,0
2516.2805,144305,87,27,2018/4/6 0:00,201.3717,3,月亮湾大道,3,南山区,桂庙路,1443,学府路,653,南-北,20,93.19557407407407,7.458211111111111,12.495700736498724,44.98452265139541,0
1765.2981,144305,88,19,2018/4/6 0:00,118.7728,3,月亮湾大道,3,南山区,桂庙路,1443,学府路,653,南-北,20,92.91042631578948,6.2512,14.862814550132692,53.50613238047769,0
2174.2843,144305,89,24,2018/4/6 0:00,149.8067,3,月亮湾大道,3,南山区,桂庙路,1443,学府路,653,南-北,20,90.59517916666665,6.241945833333333,14.513932287407703,52.250156234667735,0
1885.6366,144305,90,20,2018/4/6 0:00,120.0333,3,月亮湾大道,3,南山区,桂庙路,1443,学府路,653,南-北,20,94.28183,6.001665,15.7092790084085,56.5534044302706,0
2523.8867,144305,91,26,2018/4/6 0:00,225.7311,3,月亮湾大道,3,南山区,桂庙路,1443,学府路,653,南-北,20,97.07256538461539,8.681965384615385,11.180943609453903,40.25139699403405,0
1658.5161,144305,92,16,2018/4/6 0:00,126.8563,3,月亮湾大道,3,南山区,桂庙路,1443,学府路,653,南-北,20,103.65725625,7.92851875,13.073975041050385,47.06631014778139,0
2919.6285,144305,93,32,2018/4/6 0:00,236.0527,3,月亮湾大道,3,南山区,桂庙路,1443,学府路,653,南-北,20,91.238390625,7.376646875,12.36854524434586,44.5267628796451,0
2655.8094,144305,94,27,2018/4/6 0:00,229.9825,3,月亮湾大道,3,南山区,桂庙路,1443,学府路,653,南-北,20,98.36331111111112,8.51787037037037,11.547876034046071,41.57235372256586,0
2684.6856,144305,95,26,2018/4/6 0:00,176.8755,3,月亮湾大道,3,南山区,桂庙路,1443,学府路,653,南-北,20,103.25713846153846,6.802903846153845,15.178391580518502,54.64220968986661,0
4672.2033,144305,96,46,2018/4/6 0:00,370.2342,3,月亮湾大道,3,南山区,桂庙路,1443,学府路,653,南-北,20,101.56963695652175,8.048569565217392,12.619588627954954,45.430519060637835,0
1162.2265,144305,97,13,2018/4/6 0:00,75.2763,3,月亮湾大道,3,南山区,桂庙路,1443,学府路,653,南-北,20,89.40203846153847,5.7904846153846155,15.439474309975385,55.58210751591139,0
1900.804,144305,98,21,2018/4/6 0:00,137.9916,3,月亮湾大道,3,南山区,桂庙路,1443,学府路,653,南-北,20,90.51447619047619,6.571028571428572,13.774780493885133,49.58920977798648,0
3031.2037,144305,99,32,2018/4/6 0:00,256.6617,3,月亮湾大道,3,南山区,桂庙路,1443,学府路,653,南-北,20,94.725115625,8.020678125,11.810113078811526,42.5164070837215,0
3003.5947,144305,100,30,2018/4/6 0:00,192.7987,3,月亮湾大道,3,南山区,桂庙路,1443,学府路,653,南-北,20,100.11982333333334,6.426623333333334,15.578915729203569,56.08409662513285,0
5448.3098,144305,101,50,2018/4/6 0:00,460.7061,3,月亮湾大道,3,南山区,桂庙路,1443,学府路,653,南-北,20,108.966196,9.214122,11.825998830924965,42.57359579132987,0
6384.114,144305,102,64,2018/4/6 0:00,487.7076,3,月亮湾大道,3,南山区,桂庙路,1443,学府路,653,南-北,20,99.75178125,7.62043125,13.090044116597731,47.124158819751834,0
2870.0582,144305,103,32,2018/4/6 0:00,200.3689,3,月亮湾大道,3,南山区,桂庙路,1443,学府路,653,南-北,20,89.68931875,6.261528125,14.323870620640228,51.56593423430483,0
2511.3017,144305,104,26,2018/4/6 0:00,172.6345,3,月亮湾大道,3,南山区,桂庙路,1443,学府路,653,南-北,20,96.58852692307693,6.639788461538462,14.54692833703576,52.36894201332874,0
3752.4064,144305,105,38,2018/4/6 0:00,275.7281,3,月亮湾大道,3,南山区,桂庙路,1443,学府路,653,南-北,20,98.74753684210526,7.256002631578947,13.609082280696093,48.99269621050593,0
4283.6119,144305,106,41,2018/4/6 0:00,311.8512,3,月亮湾大道,3,南山区,桂庙路,1443,学府路,653,南-北,20,104.47833902439024,7.606126829268293,13.736076372321158,49.44987494035617,0
2963.4241,144305,107,33,2018/4/6 0:00,261.145,3,月亮湾大道,3,南山区,桂庙路,1443,学府路,653,南-北,20,89.8007303030303,7.913484848484848,11.347810986233702,40.85211955044133,0
2214.3972,144305,108,24,2018/4/6 0:00,203.6687,3,月亮湾大道,3,南山区,桂庙路,1443,学府路,653,南-北,20,92.26655,8.486195833333333,10.872545462312077,39.14116366432348,0
2330.0406,144305,109,31,2018/4/6 0:00,215.9042,3,月亮湾大道,3,南山区,桂庙路,1443,学府路,653,南-北,20,75.1626,6.964651612903226,10.792011456933214,38.85124124495957,0
4685.7069,144305,110,57,2018/4/6 0:00,452.9905,3,月亮湾大道,3,南山区,桂庙路,1443,学府路,653,南-北,20,82.20538421052632,7.947201754385965,10.343940766969727,37.238186761091015,0
2167.2803,144305,111,23,2018/4/6 0:00,136.8419,3,月亮湾大道,3,南山区,桂庙路,1443,学府路,653,南-北,20,94.22957826086956,5.949647826086957,15.837841333685075,57.01622880126627,0
1937.2752,144305,112,23,2018/4/6 0:00,157.7389,3,月亮湾大道,3,南山区,桂庙路,1443,学府路,653,南-北,20,84.22935652173913,6.858213043478261,12.281531061773602,44.21351182238497,0
3275.3792,144305,113,35,2018/4/6 0:00,242.0603,3,月亮湾大道,3,南山区,桂庙路,1443,学府路,653,南-北,20,93.58226285714285,6.916008571428572,13.531253162951543,48.71251138662556,0
6109.3876,144305,114,65,2018/4/6 0:00,493.3359,3,月亮湾大道,3,南山区,桂庙路,1443,学府路,653,南-北,20,93.99057846153846,7.5897830769230765,12.383829354401332,44.5817856758448,0
2632.3722,144305,115,28,2018/4/6 0:00,219.8486,3,月亮湾大道,3,南山区,桂庙路,1443,学府路,653,南-北,20,94.01329285714284,7.851735714285715,11.973568173734103,43.10484542544277,0
3053.5841,144305,116,33,2018/4/6 0:00,257.182,3,月亮湾大道,3,南山区,桂庙路,1443,学府路,653,南-北,20,92.53285151515152,7.7933939393939395,11.873241906509787,42.743670863435234,0
4424.7019,144305,117,47,2018/4/6 0:00,342.9681,3,月亮湾大道,3,南山区,桂庙路,1443,学府路,653,南-北,20,94.14259361702128,7.297193617021277,12.901205389072627,46.44433940066146,0
5732.9292,144305,118,60,2018/4/6 0:00,457.2445,3,月亮湾大道,3,南山区,桂庙路,1443,学府路,653,南-北,20,95.54881999999999,7.6207416666666665,12.537994880200854,45.13678156872307,0
8566.8445,144305,119,82,2018/4/6 0:00,699.5356,3,月亮湾大道,3,南山区,桂庙路,1443,学府路,653,南-北,20,104.47371341463413,8.530921951219513,12.2464739464296,44.08730620714656,0
8621.8452,144305,120,94,2018/4/6 0:00,839.8927,3,月亮湾大道,3,南山区,桂庙路,1443,学府路,653,南-北,20,91.72175744680851,8.935028723404255,10.2654127128382,36.95548576621752,0
9978.28,144305,121,100,2018/4/6 0:00,846.2263,3,月亮湾大道,3,南山区,桂庙路,1443,学府路,653,南-北,20,99.78280000000001,8.462263,11.791503053024943,42.449410990889795,0
6717.1343,144305,122,68,2018/4/6 0:00,587.2275,3,月亮湾大道,3,南山区,桂庙路,1443,学府路,653,南-北,20,98.78138676470587,8.635698529411764,11.438725706817204,41.17941254454193,0
5830.3764,144305,123,60,2018/4/6 0:00,488.1879,3,月亮湾大道,3,南山区,桂庙路,1443,学府路,653,南-北,20,97.17294,8.136465,11.942894119252035,42.99441882930733,0
8666.1243,144305,124,101,2018/4/6 0:00,761.4833,3,月亮湾大道,3,南山区,桂庙路,1443,学府路,653,南-北,20,85.80321089108911,7.539438613861386,11.380583526913853,40.97010069688987,0
5864.7657,144305,125,68,2018/4/6 0:00,542.1306,3,月亮湾大道,3,南山区,桂庙路,1443,学府路,653,南-北,20,86.2465544117647,7.972508823529411,10.817994225007775,38.94477921002799,0
7897.4373,144305,126,88,2018/4/6 0:00,771.2323,3,月亮湾大道,3,南山区,桂庙路,1443,学府路,653,南-北,20,89.74360568181818,8.76400340909091,10.240024049822601,36.86408657936136,0
10501.502,144305,127,114,2018/4/6 0:00,974.382,3,月亮湾大道,3,南山区,桂庙路,1443,学府路,653,南-北,20,92.11843859649123,8.547210526315789,10.777602624022201,38.79936944647992,0
11187.6186,144305,128,117,2018/4/6 0:00,989.0581,3,月亮湾大道,3,南山区,桂庙路,1443,学府路,653,南-北,20,95.6206717948718,8.453488034188034,11.311386661713806,40.7209919821697,0
2083.1236,144305,129,31,2018/4/6 0:00,211.1731,3,月亮湾大道,3,南山区,桂庙路,1443,学府路,653,南-北,20,67.19753548387096,6.812035483870968,9.864531041122188,35.51231174803988,0
4075.6114,144305,130,44,2018/4/6 0:00,345.0324,3,月亮湾大道,3,南山区,桂庙路,1443,学府路,653,南-北,20,92.62753181818181,7.841645454545454,11.812257051801511,42.524125386485444,0
3415.0869,144305,131,42,2018/4/6 0:00,359.7153,3,月亮湾大道,3,南山区,桂庙路,1443,学府路,653,南-北,20,81.31159285714286,8.56465,9.49386056139397,34.177898021018294,0
8583.314,144305,132,92,2018/4/6 0:00,844.9442,3,月亮湾大道,3,南山区,桂庙路,1443,学府路,653,南-北,20,93.29689130434782,9.184176086956523,10.158438864956999,36.570379913845194,0
6347.4693,144305,133,72,2018/4/6 0:00,564.2245,3,月亮湾大道,3,南山区,桂庙路,1443,学府路,653,南-北,20,88.15929583333333,7.836451388888889,11.249900172714938,40.49964062177378,0
6362.3143,144305,134,69,2018/4/6 0:00,567.449,3,月亮湾大道,3,南山区,桂庙路,1443,学府路,653,南-北,20,92.2074536231884,8.223898550724638,11.212134130115658,40.36368286841637,0
7414.8596,144305,135,77,2018/4/6 0:00,625.5265,3,月亮湾大道,3,南山区,桂庙路,1443,学府路,653,南-北,20,96.29687792207793,8.123720779220779,11.853789727533526,42.673643019120696,0
4216.055,144305,136,44,2018/4/6 0:00,316.5372,3,月亮湾大道,3,南山区,桂庙路,1443,学府路,653,南-北,20,95.81943181818183,7.194027272727272,13.319303386774132,47.94949219238688,0
5594.8011,144305,137,67,2018/4/6 0:00,474.6268,3,月亮湾大道,3,南山区,桂庙路,1443,学府路,653,南-北,20,83.50449402985075,7.083982089552239,11.787790112147059,42.43604440372941,0
2165.9151,144305,138,24,2018/4/6 0:00,164.3718,3,月亮湾大道,3,南山区,桂庙路,1443,学府路,653,南-北,20,90.2464625,6.848825000000001,13.176926334079203,47.43693480268513,0
3383.2031,144305,139,35,2018/4/6 0:00,264.1589,3,月亮湾大道,3,南山区,桂庙路,1443,学府路,653,南-北,20,96.66294571428573,7.547397142857143,12.807454528316102,46.10683630193797,0
2509.1881,144305,140,35,2018/4/6 0:00,259.6997,3,月亮湾大道,3,南山区,桂庙路,1443,学府路,653,南-北,20,71.69108857142857,7.419991428571429,9.661882936329922,34.78277857078772,0
2529.632,144305,141,26,2018/4/6 0:00,274.7081,3,月亮湾大道,3,南山区,桂庙路,1443,学府路,653,南-北,20,97.29353846153846,10.565696153846154,9.20843615459464,33.1503701565407,0
2544.7398,144305,142,27,2018/4/6 0:00,204.6735,3,月亮湾大道,3,南山区,桂庙路,1443,学府路,653,南-北,20,94.24962222222221,7.5805,12.433166970809605,44.75940109491458,0
3132.9809,144305,143,33,2018/4/6 0:00,270.8809,3,月亮湾大道,3,南山区,桂庙路,1443,学府路,653,南-北,20,94.93881515151516,8.208512121212122,11.565898149334265,41.637233337603355,0
9603.5416,144305,144,91,2018/4/6 0:00,792.1504,3,月亮湾大道,3,南山区,桂庙路,1443,学府路,653,南-北,20,105.53342417582418,8.704949450549451,12.123381620459952,43.64417383365583,0
8183.9419,144305,145,79,2018/4/6 0:00,659.3874,3,月亮湾大道,3,南山区,桂庙路,1443,学府路,653,南-北,20,103.59420126582278,8.346675949367087,12.411432035249689,44.68115532689888,0
6761.1967,144305,146,70,2018/4/6 0:00,616.3573,3,月亮湾大道,3,南山区,桂庙路,1443,学府路,653,南-北,20,96.58852428571429,8.805104285714286,10.969605941229219,39.49058138842519,0
9185.0742,144305,147,99,2018/4/6 0:00,907.8856,3,月亮湾大道,3,南山区,桂庙路,1443,学府路,653,南-北,20,92.77852727272726,9.170561616161615,10.116995136832218,36.42118249259598,0
2747.1155,144305,148,40,2018/4/6 0:00,258.7449,3,月亮湾大道,3,南山区,桂庙路,1443,学府路,653,南-北,20,68.6778875,6.4686224999999995,10.617080761785063,38.22149074242623,0
2374.9831,144305,149,36,2018/4/6 0:00,217.6065,3,月亮湾大道,3,南山区,桂庙路,1443,学府路,653,南-北,20,65.97175277777778,6.044625,10.914118374221358,39.29082614719689,0
3672.0452,144305,150,43,2018/4/6 0:00,279.7212,3,月亮湾大道,3,南山区,桂庙路,1443,学府路,653,南-北,20,85.3964,6.505144186046512,13.127518400464462,47.259066241672066,0
2909.0282,144305,151,35,2018/4/6 0:00,233.2321,3,月亮湾大道,3,南山区,桂庙路,1443,学府路,653,南-北,20,83.11509142857143,6.663774285714286,12.47267507345687,44.901630264444734,0
3299.1702,144305,152,37,2018/4/6 0:00,280.9953,3,月亮湾大道,3,南山区,桂庙路,1443,学府路,653,南-北,20,89.16676216216216,7.594467567567567,11.741015597058029,42.26765614940891,0
8475.8365,144305,153,95,2018/4/6 0:00,847.3281,3,月亮湾大道,3,南山区,桂庙路,1443,学府路,653,南-北,20,89.21933157894736,8.919243157894737,10.003015950963976,36.01085742347031,0
6538.6779,144305,154,78,2018/4/6 0:00,620.4101,3,月亮湾大道,3,南山区,桂庙路,1443,学府路,653,南-北,20,83.82920384615385,7.953975641025642,10.539283451381593,37.941420424973735,0
